Model,cv_results,Train_Accuracy,Precision,Recall,F1_score,Val_Accuracy
svc,0.7787479249006403,0.8982758620689655,0.9099805383174824,0.8982758620689655,0.8975446034269563,0.72
random_forest,0.8328055215996862,1.0,1.0,1.0,1.0,0.72
AdaBoost_clf,0.8004802853193177,0.8810344827586207,0.8866666666666667,0.8810344827586207,0.8805996867308123,0.73
