Model,cv_results,Train_Accuracy,Precision,Recall,F1_score,Val_Accuracy
RandomForestClassifier,0.7260616797988927,0.9355161290322581,0.8439169120806537,0.8691834272776833,0.8558850771711964,0.901
ExtraTreesClassifier,0.7168614094024753,0.9355645161290322,0.8464691796110113,0.8618829659440892,0.853928591963979,0.9005
GradientBoostingClassifier,0.47009376880635023,0.8771612903225806,0.8237317325069315,0.5008952225193712,0.46913679693671245,0.8725
XGBClassifier,0.5719053951968457,0.8884032258064516,0.8047004662825634,0.5724818862195317,0.5962531120222602,0.882
